{"cameraMode":{"drawMode":0,"name":"Shaded","section":"Shading Mode"},"sceneLighting":false,"audioPlay":false,"sceneViewState":{"m_AlwaysRefresh":false,"showFog":true,"showSkybox":false,"showFlares":true,"showImageEffects":true,"showParticleSystems":true,"showVisualEffectGraphs":true,"m_FxEnabled":true},"in2DMode":false,"pivot":{"x":10.640562057495118,"y":1.1420596837997437,"z":-1.0573683977127076},"rotation":{"x":0.18049876391887666,"y":-0.1843772679567337,"z":0.03446723893284798,"w":0.9655271768569946},"size":0.8000938892364502,"orthographic":false}