{"cameraMode":{"drawMode":0,"name":"Shaded","section":"Shading Mode"},"sceneLighting":false,"audioPlay":false,"sceneViewState":{"m_AlwaysRefresh":false,"showFog":true,"showSkybox":false,"showFlares":true,"showImageEffects":true,"showParticleSystems":true,"showVisualEffectGraphs":true,"m_FxEnabled":true},"in2DMode":false,"pivot":{"x":-6.215566635131836,"y":2.2616772651672365,"z":18.257884979248048},"rotation":{"x":0.03614033758640289,"y":0.09429287165403366,"z":-0.0034211173187941314,"w":0.9948881268501282},"size":5.164112091064453,"orthographic":false}