{"cameraMode":{"drawMode":0,"name":"Shaded","section":"Shading Mode"},"sceneLighting":false,"audioPlay":false,"sceneViewState":{"m_AlwaysRefresh":false,"showFog":true,"showSkybox":false,"showFlares":true,"showImageEffects":true,"showParticleSystems":true,"showVisualEffectGraphs":true,"m_FxEnabled":true},"in2DMode":false,"pivot":{"x":-0.46359992027282717,"y":-0.2597000002861023,"z":1.2613000869750977},"rotation":{"x":0.06300199776887894,"y":0.8234517574310303,"z":-0.09328983724117279,"w":0.5561109185218811},"size":1.524539589881897,"orthographic":false}