{"cameraMode":{"drawMode":0,"name":"Shaded","section":"Shading Mode"},"sceneLighting":false,"audioPlay":false,"sceneViewState":{"m_AlwaysRefresh":false,"showFog":true,"showSkybox":false,"showFlares":true,"showImageEffects":true,"showParticleSystems":true,"showVisualEffectGraphs":true,"m_FxEnabled":true},"in2DMode":false,"pivot":{"x":-0.0409211665391922,"y":-0.005759738851338625,"z":-0.012115680612623692},"rotation":{"x":-0.007386703975498676,"y":0.9084914922714233,"z":0.016073480248451234,"w":0.4175335764884949},"size":0.06123725697398186,"orthographic":false}